row,1,2,3,4,5,6,7,8,9,10,11,12,13,14,15,16,17,18,19,20,21,22,23,24,25,26,27,28,29,30,31,32,33,34,35,36,37,38,39,40,41,42,43,44,45,46,47,48,49,50,51,52,53,54,55,56,57,58,59,60,61,62,63,64,65,66,67,68,69,70,71,72,73,74,75,76,77,78,79,80,81,82,83,84,85,86,87,88,89,90,91,92,93,94,95,96,97,98,99,100,101,102,103,104,105,106,107,108,109,110,111,112,113,114,115,116,117,118,119,120
1,,,,,,,,,,,,,,,,,,,,,,,,,,,,,,,,,,,,,,,,,,,,,,,,,,,,,,,,,,,,,,,,,,,,,,,,,,,,,,,,,,,,,,,,,,,,,,,,,,,,,,,,,,,,,,,,,,,,,,,,
2,,,,,,,,,,,,,,,,,,,,,,,,,,,,,,,,,,,,,,,,,,,,,,,,,,,,,,,,,,,,,,,,,,,,,,,,,,,,,,,,,,,,,,,,,,,,,,,,,,,,,,,,,,,,,,,,,,,,,,,,
3,,,,,,,,,,,,,,,,,,,,,,,,,,,,,,,,,,,,,,,,,,,,,,,,,,,,,,,,,,,,,,,,,,,,,,,,,,,,,,,,,,,,,,,,,,,,,,,,,,,,,,,,,,,,,,,,,,,,,,,,
4,,,,,,,,,,,,,,,,,,,,,,,,,,,,,,,,,,,,,,,,,,,,,,,,,,,,,,,,,,,,,,,,,,,,,,,,,,A,,,,,,,,,,,,,,,,,,,,,,,,,,,,,,,,,,,,,,,,,,,,,,
5,,,,,,,,,,,,,,,,,,,,,,,,,,,,,,,,,,,,,,,,,,,,,,,,,,,,,,,,,,,,,,,,,A,,,,A,A,A,A,A,A,A,A,,,,,,,,,,,,,,,,,,,,,,,,,,,,,,,,,,,,,,,,,,,,
6,,,,,,,,,,,,,,,,,,,,,,,,,,,,,,,,,,,,,,,,,,,,,,,,,,,,,,,,,,,,,,,,,A,A,A,A,F,F,F,F,F,A,F,F,A,,J,,,,,,,,,,,,,,,,,,,,,,,,,,,,,,,,,,,,,,,,,
7,,,,,,,,,,,,,,,,,,,,,,,,,,,,,,,,,,,,,,,,,,,,,,,,,,,,,,,A,,,,,,,,,,,A,A,F,F,F,F,F,F,F,A,A,F,F,H,A,A,,A,A,A,A,,,,,,,,,,,,,,,,,,,,,,,,,,,,,,,,,,
8,,,,,,,,,,,,,,,,,,,,,,,,,,,,,,,,,,,,,,,,,,,,,,,,,,,,,,,A,A,A,,,,,,,,J,L,A,A,A,A,A,F,F,F,A,F,A,H,F,F,H,A,A,F,F,F,A,,,,,,,,,,,,,,,,,,,,,,,,,,,,,,,,,
9,,,,,,,,,,,,,,,,,,,,,,,,,,,,,,,,,,,,,,,,,,,,,,,,,,,,,,,A,K,K,A,A,,,,,,A,F,F,F,F,F,F,F,A,F,F,A,F,F,A,F,F,F,A,A,A,F,F,A,,,,,,,,,,,,,,,,,,,,,,,,,,,,,,,,
10,,,,,,,,,,,,,,,,,,,,,,,,,,,,,,,,,,,,,,,,,,,,,,,,,,,,,,,,A,K,K,A,A,,,,,,A,F,F,F,F,F,A,A,A,A,A,F,F,F,A,F,F,F,F,A,F,F,A,K,,,A,A,,,,,,,,,,,,,,,,,,,,,,,,,,,
11,,,,,,,,,,,,,,,,,,,,,,,,,,,,,,,,,,,,,,,,,,,,,,,,,,,,,,,,A,K,K,K,K,A,L,K,,,A,F,F,F,F,F,F,F,F,F,A,A,A,H,F,F,F,F,F,A,F,F,A,A,L,,A,A,J,,,,,,,,,,,,,,,,,,,,,,,,,,
12,,,,,,,,,,,,,,,,,,,,,,,,,,,,,,,,,,,,,,,,,,,,,,,,,,,,,,,,,J,A,K,K,K,K,K,K,K,F,F,F,F,F,F,G,G,G,G,G,G,G,G,G,G,A,H,F,F,A,F,F,F,F,A,,K,K,A,A,A,A,,,,,,,,,,,,,,,,,,,,,,
13,,,,,,,,,,,,,,,,,,,,,,,,,,,,,,,,,,,,,,,,,,,,,,,,,,,,,,,,,,,A,A,K,K,K,K,K,K,K,F,F,H,H,H,H,H,H,H,G,G,G,G,G,G,H,H,F,F,F,F,A,F,F,A,A,K,K,H,K,A,A,,,,,,,,,,,,,,,,,,,,,
14,,,,,,,,,,,,,,,,,,,,,,,,,,,,,,,,,,,,,,,,,,,,,,,,,,,,,,,,,,,J,A,K,K,K,K,K,K,A,A,A,A,A,A,A,A,K,K,A,H,G,G,G,G,G,K,F,F,F,F,A,F,F,A,L,K,A,K,A,K,K,A,,,,,,,,,,,,,,,,,,,,
15,,,,,,,,,,,,,,,,,,,,,,,,,,,,,,,,,,,,,,,,,,,,,,,,,,,,,,,,,,,,,,A,A,A,A,A,A,K,A,K,K,K,K,L,L,L,L,L,A,A,G,G,G,G,K,F,F,F,A,F,F,A,,,,A,K,A,A,A,A,,,,,,,,,,,,,,,,,,,
16,,,,,,,,,,,,,,,,,,,,,,,,,,,,,,,,,,,,,,,,,,,,,,,,,,,,,,,,,,,,J,L,A,F,A,A,A,K,K,K,K,K,D,L,L,A,L,L,L,L,K,A,G,G,G,G,F,F,G,A,G,F,A,,,,A,A,A,K,K,A,,,,,,,,,,,,,,,,,,,
17,,,,,,,,,,,,,,,,,,,,,,,,,,,,,,,,,,,,,,,,,,,,,,,,,,,,,,,,,,,,,A,A,A,K,K,K,K,K,K,K,K,D,D,K,K,K,L,L,L,L,L,A,G,G,G,A,F,G,F,G,A,F,A,K,A,L,L,L,K,K,A,,,,,,,,,,,,,,,,,,,
18,,,,,,,,,,,,,,,,,,,,,,,,,,,,,,,,,,,,,,,,,,,,,,,,,,,,,,,,,,,A,A,A,A,K,A,K,K,K,K,A,A,A,A,A,A,A,L,A,A,L,L,L,L,A,A,A,A,F,G,F,G,G,A,A,L,L,K,L,A,K,A,,,,,,,,,,,,,,,,,,,,
19,,,,,,,,,,,,,,,,,,,,,,,,,,,,,,,,,,,,,,,,,,,,,,,,,,,,,,,,,A,A,A,A,K,K,K,A,K,K,A,A,A,F,F,F,F,F,F,A,L,D,K,D,A,L,L,L,A,A,A,G,G,F,G,G,A,L,A,L,D,D,A,,,,,,,,,,,,,,,,,,,,,
20,,,,,,,,,,,,,,,,,,,,,,,,,,,,,,,,,,,,,,,,,,,,,,,,,,,,,,K,A,A,K,K,A,K,A,K,K,K,A,A,A,F,F,A,A,A,A,A,F,F,A,A,L,L,L,L,L,L,L,L,L,A,A,G,G,G,A,L,A,L,A,A,,,,,,,,,,,,,,,,,,,,,,
21,,,,,,,,,,,,,,,,,,,,,,,,,,,,,,,,,,,,,,,,,,,,,,,,A,A,A,A,A,A,A,K,H,K,K,K,K,K,K,A,A,,A,F,A,A,F,G,G,G,G,G,G,G,F,A,L,L,K,L,L,L,L,L,E,E,A,G,H,E,A,L,A,,,,,,,,,,,,,,,,,,,,,,,,
22,,,,,,,,,,,,,,,,,,,,,,,,,,,,,,,,,,,,,,,,,,,,,,,,,A,K,K,K,K,K,K,K,K,K,K,K,A,A,,,,F,A,F,F,F,A,G,G,G,G,G,F,F,F,A,A,L,L,D,L,A,A,A,E,E,A,G,D,A,A,,,,,,,,,,,,,,,,,,,,,,,,,
23,,,,,,,,,,,,,,,,,,,,,,,,,,,,,,,,,,,,,,,,,,,,,,,,,,A,A,K,K,K,K,K,K,A,A,A,,,,,A,A,F,F,F,F,F,A,A,G,G,G,G,K,A,D,A,A,A,A,D,A,I,A,A,A,D,D,A,A,A,,,,,,,,,,,,,,,,,,,,,,,,,
24,,,,,,,,,,,,,,,,,,,,,,,,,,,,,,,,,,,,,,,,,,,,,,,,,,,,A,A,A,A,A,A,A,,,,,,,,F,F,F,A,A,F,F,F,A,A,G,G,G,H,A,D,D,D,A,D,A,A,I,A,C,A,I,I,I,I,A,A,A,A,,,,,,,,,,,,,,,,,,,,,
25,,,,,,,,,,,,,,,,,,,,,,,,,,,,,,,,,,,,,,,,,,,,,,,,,,,,,,,,,,,,,,,,A,A,F,F,A,F,F,F,F,F,F,F,A,A,A,A,A,A,D,E,D,A,D,D,D,D,A,I,A,A,I,I,I,I,I,A,A,A,A,A,,,,,,,,,,,,,,,,,
26,,,,,,,,,,,,,,,,,,,,,,,,,,,,,,,,,,,,,,,,,,,,,,,,,,,,,,,,,,,,,,A,A,F,F,F,A,F,F,F,F,G,G,F,F,F,H,A,A,A,E,E,D,A,A,D,A,B,A,I,I,I,I,I,I,A,I,I,I,I,I,I,A,A,A,A,A,A,A,A,A,A,A,A,A,A,A,A,A,
27,,,,,,,,,,,,,,,,,,,,,,,,,,,,,,,,,,,,,,,,,,,,,,,,,,,,,,,,,,,,,,,A,A,A,A,F,F,F,G,G,G,G,G,G,G,F,F,A,E,E,E,A,J,J,J,J,I,I,I,I,I,I,I,I,I,I,I,I,I,I,I,I,I,I,I,I,I,I,I,I,I,I,I,I,A,A,A,,
28,,,,,,,,,,,,,,,,,,,,,,,,,,,,,,,,,,,,,,,,,,,,,,,,,,,,,,,,,,,,,,,,A,A,F,F,F,F,G,G,G,G,G,G,A,A,F,B,E,E,A,J,J,J,J,A,K,K,K,K,B,A,A,A,A,A,A,I,I,I,I,I,I,I,I,I,I,I,I,I,I,A,A,A,,,,,
29,,,,,,,,,,,,,,,,,,,,,,,,,,,,,,,,,,,,,,,,,,,,,,,,,,,,,,,,,,,,,,A,A,A,F,F,F,H,G,G,G,G,G,G,G,G,G,G,B,E,E,A,J,J,J,A,H,H,A,A,A,A,K,A,A,A,A,A,A,A,A,A,A,A,A,A,A,A,A,A,A,A,,,,,,,,
30,,,,,,,,,,,,,,,,,,,,,,,,,,,,,,,,,,,,,,,,,,,,,,,,,,,,,,,,,,,A,A,A,F,F,F,F,F,A,G,G,G,G,G,G,G,G,G,A,A,K,E,E,A,J,J,A,H,H,H,H,A,B,B,A,C,A,,,,,,,,,,,,,,,,,,,,,,,,,
31,,,,,,,,,,,,,,,,,,,,,,,,,,,,,,,,,,,,,,,,,,,,,,,,,,,,,,,,,,,,A,F,F,F,F,A,F,G,G,G,G,G,F,K,H,H,H,F,F,A,E,E,E,A,K,H,H,H,H,H,A,A,B,A,C,C,A,K,K,,,,,,,,,,,,,,,,,,,,,,
32,,,,,,,,,,,,,,,,,,,,,,,,,,,,,,,,,,,,,,,,,,,,,,,,,,,,,,,,,,,,,A,A,A,A,H,F,F,F,F,F,F,A,F,F,F,F,A,F,H,A,E,E,E,E,A,A,A,A,L,J,A,C,A,B,B,C,B,A,A,A,,,,,,,,,,,,,,,,,,,,
33,,,,,,,,,,,,,,,,,,,,,,,,,,,,,,,,,,,,,,,,,,,,,,,,,,,,,,,,,,,,,,,,A,F,F,F,A,A,A,F,F,G,G,G,F,F,F,A,F,A,E,E,J,J,J,J,J,A,A,B,C,C,C,B,C,B,C,B,A,A,K,,,,,,,,,,,,,,,,,,
34,,,,,,,,,,,,,,,,,,,,,,,,,,,,,,,,,,,,,,,,,,,,,,,,,,,,,,,,,,,,,,,A,F,F,H,A,F,F,F,G,G,G,G,F,F,A,K,F,F,G,A,E,J,J,J,J,A,A,C,C,C,C,A,A,A,A,A,C,B,B,B,A,,,,,,,,,,,,,,,,,
35,,,,,,,,,,,,,,,,,,,,,,,,,,,,,,,,,,,,,,,,,,,,,,,,,,,,,,,,,,,,,,,A,F,F,A,F,F,F,G,G,G,G,G,G,G,G,G,G,G,G,F,A,J,J,J,A,A,B,C,C,B,C,C,C,A,,,A,A,A,C,A,K,,,,,,,,,,,,,,,,
36,,,,,,,,,,,,,,,,,,,,,,,,,,,,,,,,,,,,,,,,,,,,,,,,,,,,,,,,,,,,,,A,F,F,F,F,F,F,G,G,G,G,G,G,G,G,G,G,G,G,A,F,A,J,J,J,A,A,B,C,C,C,C,B,C,B,A,,,,,A,B,K,,,,,,,,,,,,,,,,
37,,,,,,,,,,,,,,,,,,,,,,,,,,,,,,,,,,,,,,,,,,,,,,,,,,,,,,,,,,,,A,F,F,F,F,A,F,F,G,H,G,G,G,G,G,G,G,G,G,K,A,G,G,A,J,J,A,C,A,A,C,C,C,A,C,B,B,B,A,,,,,A,K,,,,,,,,,,,,,,,,
38,,,,,,,,,,,,,,,,,,,,,,,,,,,,,,,,,,,,,,,,,,,,,,,,,,,,,,,,,,,,,A,A,A,A,F,F,F,F,G,G,G,G,G,G,G,G,A,A,A,G,G,G,H,J,A,A,B,A,B,B,C,C,B,A,A,A,A,A,A,,,,,,,,,,,,,,,,,,,,,
39,,,,,,,,,,,,,,,,,,,,,,,,,,,,,,,,,,,,,,,,,,,,,,,,,,,,,,,,,,,,,,,A,F,F,F,F,G,G,A,A,A,A,A,K,G,G,G,G,G,G,A,K,A,A,C,C,C,A,A,B,C,C,A,,,,,A,,,,,,,,,,,,,,,,,,,,,
40,,,,,,,,,,,,,,,,,,,,,,,,,,,,,,,,,,,,,,,,,,,,,,,,,,,,,,,,,,,,,J,A,F,F,H,F,G,G,A,F,F,A,G,G,G,G,G,G,G,A,A,G,K,A,A,C,C,C,C,A,A,C,B,B,A,A,K,,,,,,,,,,,,,,,,,,,,,,,
41,,,,,,,,,,,,,,,,,,,,,,,,,,,,,,,,,,,,,,,,,,,,,,,,,,,,,,,,,,A,A,A,H,F,F,F,F,F,F,A,F,F,F,G,G,G,G,G,G,G,G,G,G,G,A,B,B,A,C,B,B,B,A,A,A,A,A,B,A,,,,,,,,,,,,,,,,,,,,,,,
42,,,,,,,,,,,,,,,,,A,,,,,,,,,,,,,,,,C,A,A,A,A,A,A,,,,,,,,,,,,,,,,,,,A,A,F,F,F,A,A,F,F,A,F,F,F,A,A,G,G,G,G,G,G,G,G,G,A,A,A,A,B,C,C,C,C,B,A,A,,L,A,B,A,,,,,,,,,,,,,,,,,,,,,,
43,,,,,,,,,,,,,,,,,A,A,,,,,,,,,,,,A,A,A,B,B,C,B,C,C,C,A,A,A,,,,,,,,,,,,,,,,,A,A,A,A,A,F,F,F,A,F,F,A,G,G,G,G,G,G,G,G,A,A,A,A,B,B,C,B,B,C,B,B,B,A,B,L,,C,B,A,,,,,,,,,,,,,,,,,,,,,,
44,,,,,,,,,,,,,,,,,A,B,A,J,,,,,,,,A,A,B,B,C,B,C,B,C,C,B,C,B,B,C,A,,,,,,,,,,,,,,,,,,A,H,F,F,F,A,F,F,F,A,A,G,G,G,A,A,A,A,A,A,B,B,A,B,B,A,A,B,B,B,A,A,A,A,,,A,A,,,,,,,,,,,,,,,,,,,,,,
45,,,,,,,,,,,,,,,,,,A,C,B,A,A,A,A,A,B,C,B,B,B,C,B,C,C,C,C,C,B,B,C,B,B,B,A,,,,,A,,,,,,,,,,A,A,F,F,F,A,A,F,F,F,F,A,G,G,A,F,F,F,A,B,B,A,B,B,B,C,B,B,B,B,C,A,B,B,A,B,A,,,,,,,,,,,,,,,,,,,,,,,,,
46,,,,,,,,,,,,,,,,,,A,C,B,C,C,C,C,B,C,B,C,B,C,B,A,A,A,A,A,A,A,A,C,B,B,B,B,A,,,A,A,,,,,,,,,,,A,A,A,A,A,F,F,F,F,A,A,G,A,F,F,F,F,B,B,B,B,A,B,B,B,B,B,B,B,A,A,B,B,B,J,A,,,,,,,,,,,,,,,,,,,,,,,,,
47,,,,,,,,,,,,,,,,,,,A,A,C,C,C,C,C,C,B,C,A,A,A,C,B,C,C,C,C,C,C,A,A,A,B,B,A,,A,F,A,,,,,,A,,,,,A,A,F,F,F,F,F,F,F,A,G,A,F,F,F,F,A,C,B,A,B,B,A,A,B,B,B,B,A,A,D,B,B,B,,,,,,,,,,,,,,,,,,,,,,,,,,,
48,,,,,,,,,,,,,,,,,,,,,A,A,A,A,A,A,A,A,A,B,C,C,C,C,C,C,C,C,C,C,C,B,A,C,B,A,A,F,F,A,,,,,A,A,A,A,A,A,F,A,A,A,F,F,F,A,A,A,F,F,F,F,F,A,B,B,B,B,B,D,D,A,A,A,A,D,D,D,B,B,A,,,,,,,,,,,,,,,,,,,,,,,,,,,
49,,,,,,,,,,,,A,A,A,A,A,A,A,,,,,,,,,A,C,C,C,C,C,C,B,A,A,A,A,A,C,B,B,C,A,C,C,A,F,F,A,A,,,,,F,F,F,F,F,F,F,F,F,A,A,A,A,F,F,F,F,F,F,A,D,A,B,B,A,B,D,D,D,D,D,D,D,D,A,B,B,C,A,,,,,,,,,,,,,,,,,,,,,,,,,,
50,,,,,,,,,,,A,C,C,C,C,C,C,B,A,A,A,A,A,A,A,A,B,C,C,C,C,B,A,A,B,B,B,B,B,B,A,B,B,B,B,B,A,F,F,F,A,A,,D,A,A,F,F,F,F,F,F,F,F,F,F,A,F,F,F,F,F,F,A,D,D,D,A,A,D,D,A,A,D,D,D,D,D,A,B,A,B,B,B,A,A,,,,,,,,,,,,,,,,,,,,,,,,
51,,,,,,,,,,A,C,C,C,C,C,C,C,B,C,C,A,A,A,A,B,C,C,C,C,C,A,A,B,B,B,B,B,A,A,A,A,A,A,B,B,A,B,A,F,F,F,H,A,A,A,,A,A,F,F,F,F,F,F,A,A,F,F,F,F,F,F,A,A,D,A,D,D,A,A,D,D,D,D,D,D,D,D,A,K,B,B,B,C,B,A,A,A,,,,,,,,,,,,,,,,,,,,,,
52,,,,,,,,J,A,B,A,A,A,A,A,C,C,C,C,B,C,C,C,C,C,C,C,B,A,A,B,B,B,B,A,A,A,C,C,C,C,C,C,A,B,B,B,B,F,F,F,F,F,F,A,A,A,A,A,A,F,F,A,A,F,F,F,F,F,F,A,A,A,D,D,D,D,D,D,A,D,D,D,D,D,D,D,D,D,D,B,B,A,B,B,B,C,B,A,,,,,,,,,,,,,,,,,,,,,
53,,,,,,,K,A,B,A,,,,,A,A,A,C,C,C,B,C,C,B,B,C,A,A,B,B,B,B,B,A,C,C,C,C,C,C,C,C,C,C,C,A,B,B,A,F,F,F,F,F,A,F,F,F,F,F,A,H,F,F,A,A,A,A,A,A,D,D,A,D,D,D,D,D,D,D,D,D,D,D,D,D,D,D,D,B,B,A,A,B,B,A,A,A,B,A,,,,,,,,,,,,,,,,,,,,
54,,,,,,,K,A,A,,,,,,,,,A,A,A,A,A,A,A,A,A,A,B,B,B,B,B,A,C,C,C,C,C,C,C,C,C,C,C,B,B,A,B,B,A,A,F,F,F,F,A,F,F,F,F,F,F,F,F,F,F,A,A,D,A,D,D,A,D,D,D,D,D,D,D,D,A,D,D,D,D,D,D,D,B,A,A,D,A,B,C,A,,A,A,A,,,,,,,,,,,,,,,,,,,
55,,,,,,,K,A,,,,,,,,,,,,,,A,A,A,B,B,B,B,B,B,B,A,B,C,C,C,C,B,A,A,A,A,A,A,B,B,A,A,A,D,D,D,D,D,D,A,A,A,F,F,F,F,F,F,A,A,D,D,A,D,D,D,D,D,D,D,D,D,D,D,D,D,D,D,D,D,D,D,A,A,B,B,D,D,A,B,B,A,,,A,,,,,,,,,,,,,,,,,,,
56,,,,,,,,,,,,A,A,A,A,A,A,A,A,A,A,B,B,B,B,B,B,B,B,B,A,C,C,C,C,B,A,A,B,B,B,B,B,B,A,A,A,D,D,D,D,D,D,D,D,D,D,D,A,A,A,A,A,A,E,D,D,D,A,D,D,D,D,D,D,D,D,D,D,D,D,D,D,A,D,D,D,D,D,C,B,D,D,D,D,D,B,B,,,,,,,,,,,,,,,,,,,,,,
57,,,,,,,,,,A,A,A,A,B,B,B,B,B,B,B,B,B,B,B,B,B,B,B,B,A,C,C,C,C,A,A,B,B,B,B,B,B,B,B,A,D,D,D,D,D,D,D,D,D,D,D,D,D,D,D,D,D,A,D,D,D,D,D,D,D,D,D,D,D,D,D,D,D,D,D,D,D,D,D,D,A,D,D,D,C,B,D,D,D,D,D,C,B,A,,,,,,,,,,,,,,,,,,,,,
58,,,,,,,,A,A,A,C,C,B,B,A,A,B,B,B,B,B,B,B,B,B,B,B,B,A,C,C,C,C,C,B,B,B,B,B,A,A,C,B,A,D,D,D,D,D,D,D,D,D,D,D,D,D,D,D,D,D,A,D,D,D,D,D,D,D,D,D,D,D,D,D,D,D,D,D,D,D,D,D,D,D,D,A,D,D,D,B,D,D,D,D,D,A,B,B,A,,,,,,,,,,,,,,,,,,,,
59,,,,,,A,A,C,B,C,C,C,C,C,B,C,C,A,A,A,B,B,B,B,B,A,A,B,C,C,C,B,C,A,C,B,B,B,B,B,B,B,B,B,D,D,D,D,D,D,D,D,D,D,D,D,D,D,D,D,D,D,D,D,D,D,D,D,D,D,D,D,D,D,D,D,A,D,D,D,D,D,D,D,D,D,D,K,D,D,A,D,D,D,D,D,A,A,B,A,,,,,,,,,,,,,,,,,,,,
60,,,,,,A,C,C,C,C,C,C,C,C,C,C,B,C,C,C,A,A,A,A,A,B,C,C,C,C,C,B,A,C,C,B,B,A,B,B,A,A,A,D,D,D,D,D,D,D,D,D,D,D,D,D,D,D,D,D,D,D,D,D,D,D,D,D,D,D,D,D,D,D,D,D,A,D,D,D,D,D,D,D,D,D,D,A,D,D,D,A,D,D,D,D,A,A,A,A,,,,,,,,,,,,,,,,,,,,
61,,,,A,A,C,C,C,C,C,C,C,C,C,C,C,B,C,C,C,C,C,C,C,C,C,C,C,C,B,C,A,A,C,B,A,B,B,B,A,B,A,A,D,D,D,D,D,D,D,D,D,D,D,D,D,D,D,D,D,D,D,D,D,D,D,D,D,D,D,D,D,D,D,D,D,D,A,D,D,D,D,D,D,D,D,D,A,D,D,D,D,D,D,D,D,A,A,L,K,,,,,,L,L,L,J,,,,,,,,,,,
62,,,,A,C,B,A,C,C,C,C,C,C,A,A,A,C,B,B,C,C,C,C,C,C,C,C,C,C,C,A,A,B,B,A,C,B,B,B,B,B,A,D,D,D,D,D,D,D,D,D,D,D,D,D,D,D,D,D,D,D,D,D,D,D,D,D,D,D,D,D,D,D,D,D,D,D,A,D,D,D,D,D,D,D,D,D,D,A,D,D,D,D,D,A,D,D,A,A,D,K,K,K,K,L,A,A,A,A,,,,,,,,,,,
63,,,A,B,B,A,C,C,B,C,A,A,A,,,,A,A,A,A,A,A,A,C,C,C,C,C,A,B,B,A,B,B,B,B,B,A,A,A,A,D,D,D,D,C,D,D,D,D,D,D,D,D,D,D,D,D,D,B,D,D,D,D,D,D,D,D,D,A,D,D,D,D,D,D,D,A,D,D,D,D,A,D,D,D,D,D,A,A,D,D,D,D,D,A,D,A,D,C,C,C,C,C,C,D,D,D,D,A,A,D,,,,,,,,
64,,,A,C,A,C,C,C,A,A,A,,,,,,,,,,A,A,A,A,A,A,A,A,B,B,A,C,C,C,C,B,A,A,A,D,D,D,D,A,D,D,D,D,D,D,D,D,D,D,D,A,D,D,D,A,D,D,D,D,D,D,D,D,D,D,C,D,D,D,D,D,D,D,D,D,D,D,D,A,D,D,D,D,A,J,D,D,D,D,D,A,D,A,D,D,D,D,D,D,D,D,D,D,D,D,D,A,,,,,,,,
65,,A,B,A,B,C,C,A,A,B,A,,,,,,,,A,A,A,C,C,C,C,C,C,B,A,A,A,C,C,B,A,A,K,,A,A,A,A,A,D,D,D,D,D,D,D,D,D,D,D,D,D,D,D,D,A,D,D,D,D,D,D,D,D,D,D,A,D,D,D,D,D,D,D,D,D,D,D,D,D,A,D,D,D,A,J,A,D,A,D,D,A,A,A,D,D,D,D,D,D,D,D,D,D,D,D,D,E,A,,,,,,,
66,,A,C,A,C,C,A,B,B,A,,,,,,,,A,A,C,C,C,C,C,C,C,A,A,A,A,B,B,C,A,A,,,,,A,A,D,D,D,D,D,D,D,D,D,D,D,D,D,D,D,D,D,D,D,D,D,D,D,D,D,A,D,D,D,D,A,D,D,D,D,D,D,D,D,D,D,D,D,A,D,D,D,A,J,J,D,A,D,D,A,A,D,D,D,D,D,D,D,D,C,B,C,D,D,D,D,A,,,,,,,
67,,A,A,C,C,C,B,B,B,A,,,,,,,A,B,A,A,A,A,A,A,A,A,,,A,B,C,B,B,A,,,,,A,A,D,D,D,D,D,D,D,D,D,D,D,D,D,D,D,D,D,D,D,D,A,D,D,D,D,D,D,A,D,D,D,D,A,D,D,D,D,D,D,D,D,D,D,D,D,A,D,A,J,J,J,K,A,D,D,A,D,D,D,D,D,D,B,B,C,C,C,B,C,D,D,A,A,,,,,,,
68,,L,B,C,C,C,C,B,B,A,,,,,,,A,A,A,,,,,,,,,A,B,B,B,A,A,,,,,A,B,D,D,A,D,D,D,D,D,D,D,D,D,D,D,D,D,J,A,D,D,D,K,A,A,D,D,D,D,A,E,A,A,D,A,D,D,D,D,D,D,D,D,D,D,D,D,A,D,A,J,J,J,A,J,D,A,A,D,D,D,D,C,C,C,A,A,C,C,C,C,B,B,A,,,,,,,,
69,,,B,C,C,C,C,C,C,B,A,,,,,,A,A,,,,,,,,A,A,B,A,A,A,B,,,,,A,D,D,K,A,D,D,D,D,D,D,D,D,D,D,D,D,D,D,J,J,J,A,K,D,A,J,A,A,D,D,D,A,J,A,A,A,D,D,D,D,D,D,D,D,D,D,D,D,A,D,J,J,J,J,J,J,D,A,A,D,D,C,B,C,A,A,,A,C,C,C,C,C,A,,,,,,,,,
70,,,B,B,B,C,B,C,C,C,C,A,,,,,,,,,,,,,A,A,A,A,A,,,,,,,,A,A,A,A,D,D,D,D,D,A,D,D,D,D,D,D,D,D,D,J,J,J,J,J,A,A,L,J,J,A,A,J,J,J,J,J,A,D,D,D,D,D,D,D,D,D,D,D,D,A,A,J,J,J,J,J,J,D,A,C,C,B,B,A,A,,,,A,C,C,C,C,A,A,,,,,,,,,
71,,,B,A,C,C,A,B,C,C,C,A,A,A,,,,,,,,,,,,,,,,,,,,,,,,A,D,D,D,D,D,D,A,D,D,D,D,D,D,D,D,D,B,J,J,J,J,J,J,J,J,J,J,J,J,J,J,J,J,J,A,A,D,D,D,D,D,D,D,D,D,D,D,A,A,J,J,J,J,J,J,A,A,B,C,B,A,,,,,,A,C,C,C,C,A,,,,,,,,,,
72,,,,A,A,B,C,A,C,C,C,C,C,C,B,B,A,A,,,,,,,,,,,,,,,,,,,A,D,A,A,A,A,A,D,D,D,D,D,D,D,D,D,D,D,A,J,J,J,J,J,J,J,J,J,J,J,J,J,J,J,J,A,A,D,D,D,D,D,D,D,D,D,A,D,D,A,J,J,J,J,J,J,A,A,A,A,,,,,,,,,C,C,C,C,C,A,,,,,,,,,,
73,,,,,A,C,C,B,A,A,C,C,C,C,C,C,B,A,A,,,,,,,,,,,,,,,,,A,A,A,B,C,A,D,D,D,D,D,D,D,D,D,A,D,D,E,A,A,A,A,A,A,J,J,J,J,J,J,J,J,J,J,D,B,A,A,D,D,D,D,D,D,D,D,D,E,A,J,J,J,J,J,J,J,A,,,,,,,,J,,K,A,A,C,C,C,B,,,,,,,,,,,
74,,,,,,A,B,C,C,A,A,C,C,C,C,C,C,C,B,A,L,,,,,,,,,,,,B,A,A,C,C,C,A,C,D,D,D,D,D,D,D,D,D,A,D,D,D,A,D,D,D,D,D,A,A,A,J,J,J,J,J,J,J,J,D,C,B,A,D,D,D,D,D,D,D,D,D,A,A,J,J,J,J,J,J,A,,,,,,,,,A,A,B,B,C,C,C,C,B,,,,,,,,,,,
75,,,,,,,A,B,B,B,B,A,C,C,C,C,A,C,C,B,A,D,,,,,,,,,,,B,C,B,B,B,C,B,D,D,D,D,D,D,D,D,D,D,D,D,D,A,D,D,D,D,D,D,D,D,D,A,A,J,J,J,J,J,J,D,C,C,C,A,D,A,D,D,D,D,D,D,D,A,J,J,A,J,J,J,A,,,,,,,,A,,A,A,B,C,C,C,C,B,,,,,,,,,,,
76,,,,,,,A,B,C,C,A,B,A,C,C,C,C,B,B,C,B,A,,,,,,,,,,,,A,B,C,B,A,C,D,D,D,D,D,D,D,D,D,D,D,D,D,A,D,D,D,D,D,D,D,D,D,D,A,A,A,A,J,J,J,D,B,C,C,C,A,A,D,D,D,D,D,D,D,A,J,L,L,J,J,A,,,,,,,,,A,A,B,C,B,C,C,C,C,B,,,,,,,,,,,
77,,,,,,,,A,B,C,A,B,B,A,C,C,C,B,A,C,B,A,,,,,,,,,,,,A,A,A,A,B,C,D,A,D,D,D,D,D,D,D,D,D,D,A,K,D,D,D,D,D,D,D,D,D,D,A,,,D,A,A,A,A,C,C,C,C,B,A,D,D,D,D,D,D,D,A,J,A,J,J,J,A,,,,,,,,,A,B,C,B,C,C,C,C,C,B,,,,,,,,,,,
78,,,,,,,,,A,C,C,A,B,B,B,A,C,C,C,A,A,A,,,,,,,,,,A,A,C,C,B,B,B,A,D,D,D,D,D,D,D,D,D,D,A,A,D,D,D,D,D,D,D,D,D,D,C,A,,,,,,,,,,A,B,C,C,C,A,D,D,D,D,D,D,A,,A,J,J,A,,,,,,,,,K,A,C,B,C,C,C,C,C,C,B,,,,,,,,,,,
79,,,,,,,,,A,C,C,A,B,B,B,B,C,C,C,A,,A,,,,,,,,,,A,A,A,A,B,B,A,D,D,D,D,D,D,D,D,D,A,A,A,B,D,D,D,D,D,D,D,D,D,A,A,,,,,,,,,,A,,A,A,C,B,B,C,D,D,D,D,D,A,,A,J,J,A,,,,,,,,,,A,B,A,B,C,C,C,C,B,B,,,,,,,,,,,
80,,,,,,,,A,C,C,A,,A,B,B,B,C,C,C,C,A,,,,,,,,,,,,,A,A,A,A,C,D,D,D,D,D,D,A,A,A,,,A,D,D,D,D,D,D,D,D,D,D,A,,,,,,,,,,,A,A,A,A,A,B,C,B,D,D,D,D,D,A,,A,J,J,A,,,,,,,,,A,A,A,A,C,C,C,C,C,A,B,,,,,,,,,,,
81,,,,,,,A,A,C,A,A,,A,B,B,B,C,C,C,C,A,,,,,,,,,,,K,A,B,C,C,C,B,D,D,D,D,A,A,,,,A,A,D,D,D,D,D,D,D,D,D,A,A,,,,,,,,,,,,,A,B,C,B,A,C,B,B,D,D,D,D,A,,,J,J,A,A,,,,,,,A,A,A,A,C,A,C,C,C,B,L,,,,,,,,,,,,
82,,,,,,A,A,C,C,A,,,A,B,B,A,C,C,C,C,A,,,,,,A,,,,A,A,B,C,C,C,C,C,C,D,C,A,,,,A,A,A,D,D,D,D,D,D,D,D,A,A,,,,,,,,,,,,,,,,A,B,C,C,B,C,B,D,D,B,D,A,,,J,J,J,A,,,,,,A,A,K,A,A,A,B,C,C,B,A,L,,,,,,,,,,,,
83,,,,,,,,,,,,A,B,B,A,A,C,B,C,A,A,,,,,,A,B,B,B,B,A,B,C,C,C,C,C,A,A,,,,A,,A,B,D,D,D,D,D,D,B,A,,,,,,,,,,,,,,,,,,,,,A,B,C,C,B,C,C,C,B,A,,,,A,J,J,A,,,,,A,K,K,K,K,A,A,A,A,A,,,,,,,,,,,,,,
84,,,A,A,,,,,,,,B,B,B,A,C,C,C,B,A,,,,,,,,A,B,B,A,C,C,C,C,C,C,A,,,,,,A,B,B,B,D,C,D,D,D,A,J,,,,,,,,,,,,,,,,,,,,,,,A,A,C,C,B,C,C,B,B,A,,,,A,J,A,,,,,A,K,K,K,K,A,A,A,A,A,,,,,,,,,,,,,,
85,,,A,A,K,,,,,A,A,B,A,B,B,C,C,C,A,A,,,,,,,,,A,C,C,C,C,C,C,A,A,,,,,,,,A,A,B,C,C,B,D,D,A,J,,,,,,,,,,,,,,,,,,,,,,,,A,C,C,A,C,C,C,C,A,,,,A,A,A,,,,,A,K,K,K,A,K,K,A,A,,,,,,,,,,,,,,,
86,,,A,B,C,A,A,A,A,A,B,A,C,C,C,C,C,C,A,,,,,,A,A,A,B,C,B,C,B,C,C,A,K,L,,,,,,,,A,C,B,C,C,C,B,A,,,,,,,,,,,,,,,,,,,,,,,,,,D,B,C,C,C,C,C,C,A,,,,A,,,,,,,A,K,K,K,K,K,A,B,,,,,,,,,,,,,,,,
87,,,,A,C,C,B,B,C,B,C,C,C,C,C,C,C,C,A,,,,,,A,A,B,B,B,A,B,B,C,C,A,J,,,,,,,,,A,B,A,C,C,C,C,A,,,,,,,,,,,,,,,,,,,,,,,,,,L,A,C,C,C,C,C,A,,,,,L,,,,,,,A,A,K,A,K,K,A,K,,,,,,,,,,,,,,,,
88,,,,A,B,B,C,C,C,B,C,C,C,C,C,C,C,A,,,,,,,,A,A,B,A,C,B,C,B,A,,,,,,,,,,A,A,A,A,C,C,C,C,A,,,,,,,,,,,,,,,,,,,,,,,,,,K,A,C,C,C,C,C,A,,,,,,,,,,,,,A,K,K,K,A,A,,,,,,,,,,,,,,,,,
89,,,,,,A,A,A,C,B,C,A,C,C,C,A,A,,,,,,A,,A,A,A,C,C,C,B,C,A,,,,,,,,,,,,A,B,B,A,C,C,C,C,A,,,,,,,,,,,,,,,,,,,,,,,,,,L,C,C,C,C,C,A,,,,,,,,,,,,,,,A,,,,,,,,,,,,,,,,,,,,
90,,,,,,L,L,L,A,A,B,C,C,C,B,A,L,,,,,,A,A,A,C,B,B,C,C,C,B,A,,,,,,,,,,,,A,A,A,A,C,C,C,C,A,,,,,,,,,,,,,,,,,,,,,,,,,,L,C,C,C,C,C,A,,,,,,,,,,,,,,,,,,,,,,,,,,,,,,,,,,,
91,,,,,,C,B,C,B,C,C,C,C,B,A,A,,,,,,,,A,B,B,C,C,C,C,C,A,J,,,,,,,,,,,,,,A,B,B,C,C,C,B,A,J,,,,,,,,,,,,,,,,,,,,,,,L,A,C,C,C,C,C,A,,,,,,,,,,,,,,,,,,,,,,,,,,,,,,,,,,,
92,,,,,,A,A,A,C,C,C,A,A,A,,,,,,,,,,A,A,A,C,C,C,C,C,A,L,,,,,,,,,,,,,,A,B,A,C,C,C,B,A,J,,,,,,,,,,,,,,,,,,,,,,,L,A,B,C,C,C,C,B,A,,,,,,,,,,,,,,,,,,,,,,,,,,,,,,,,,,
93,,,,,,,A,A,A,A,A,A,,,,,,,,,,K,D,A,B,C,C,C,C,C,C,A,L,,,,,,,,,,,,,A,A,A,C,C,C,C,C,C,A,,,,,,,,,,,,,,,,,,,,,,,A,A,A,B,C,C,C,C,A,,,,,,,,,,,,,,,,,,,,,,,,,,,,,,,,,,
94,,,,,,,,,,,,,,,,,,,,,,,A,A,A,B,C,C,C,C,B,J,,,,,,,,,,,,,,,A,B,C,C,C,C,C,C,B,A,,,,,,,,,,,,,,,,,,,,,A,A,A,B,A,C,C,C,C,B,A,,,,,,,,,,,,,,,,,,,,,,,,,,,,,,,,,
95,,,,,,,,,,,,,,,,,,,,,,,,A,C,B,C,C,C,C,B,J,,,,,,,,,,,,,,A,A,C,A,C,C,C,C,C,C,A,,,,,,,,,,,,,,,,,,,,,A,B,C,B,B,C,C,C,C,B,A,,,,,,,,,,,,,,,,,,,,,,,,,,,,,,,,,
96,,,,,,,,,,,,,,,,,,,,,,,A,C,B,A,C,C,B,B,B,J,,,,,,,,,,,,,,A,A,A,C,A,C,C,B,B,C,A,A,,,,,,,,,,,,,,,,,,,,A,A,A,A,C,C,C,C,C,C,A,,,,,,,,,,,,,,,,,,,,,,,,,,,,,,,,,
97,,,,,,,,,,,,,,,,,,,,,,A,B,B,A,C,B,B,C,A,B,L,,,,,,,,,,,,,,,,A,B,A,C,A,B,A,A,K,K,A,,,,,,,,,,,,,,,,,,,,,A,C,C,C,C,C,C,C,C,A,,,,,,,,,,,,,,,,,,,,,,,,,,,,,,,,
98,,,,,,,,,,,,,,,,,,,,,,A,A,A,B,A,A,B,C,A,A,A,L,,,,,,,,,,,,,,,A,A,A,A,B,K,K,K,K,K,A,K,,,,,,,,,,,,,,,,,,A,A,B,B,C,C,C,C,C,C,C,A,,,,,,,,,,,,,,,,,,,,,,,,,,,,,,,,
99,,,,,,,,,,,,,,,,,,,,,,,,A,A,A,K,A,B,A,A,A,J,,,,,,,,,,,,,,,,,A,K,K,K,K,K,K,K,K,A,,,,,,,,,,,,,,,,,,A,A,A,A,B,B,C,C,C,C,B,A,,,,,,,,,,,,,,,,,,,,,,,,,,,,,,,,
100,,,,,,,,,,,,,,,,,,,,,,,A,A,K,K,K,K,A,K,K,K,,,,,,,,,,,,,,,,,,A,K,K,K,K,K,K,A,K,K,A,,,,,,,,,,,,,,,,,,,A,B,B,B,C,C,C,C,C,A,A,,,,,,,,,,,,,,,,,,,,,,,,,,,,,,,
101,,,,,,,,,,,,,,,,,,,,,,,A,K,K,K,K,K,K,K,K,A,J,,,,,,,,,,,,,,,,,,A,A,A,A,A,A,A,A,A,A,,,,,,,,,,,,,,,,,,A,B,A,A,B,B,A,A,C,C,A,A,,,,,,,,,,,,,,,,,,,,,,,,,,,,,,,
102,,,,,,,,,,,,,,,,,,,,,,,A,K,K,K,K,K,K,A,K,A,K,,,,,,,,,,,,,,,,,,,,,,,,,,,,,,,,,,,,,,,,,,,,,A,A,A,B,A,B,A,B,A,A,K,K,A,,,,,,,,,,,,,,,,,,,,,,,,,,,,,,
103,,,,,,,,,,,,,,,,,,,,,,,A,K,K,K,K,K,K,K,K,K,A,,,,,,,,,,,,,,,,,,,,,,,,,,,,,,,,,,,,,,,,,,,,,,,A,B,A,A,K,K,K,K,K,K,A,,,,,,,,,,,,,,,,,,,,,,,,,,,,,,
104,,,,,,,,,,,,,,,,,,,,,,,,D,A,A,A,A,A,A,A,A,A,,,,,,,,,,,,,,,,,,,,,,,,,,,,,,,,,,,,,,,,,,,,,,,A,A,,A,K,K,K,K,A,K,K,A,,,,,,,,,,,,,,,,,,,,,,,,,,,,,
105,,,,,,,,,,,,,,,,,,,,,,,,,,,,,,,,,,,,,,,,,,,,,,,,,,,,,,,,,,,,,,,,,,,,,,,,,,,,,,,,,,,K,K,K,K,K,K,K,K,A,,,,,,,,,,,,,,,,,,,,,,,,,,,,,
106,,,,,,,,,,,,,,,,,,,,,,,,,,,,,,,,,,,,,,,,,,,,,,,,,,,,,,,,,,,,,,,,,,,,,,,,,,,,,,,,,,,A,K,K,K,K,K,A,K,K,A,,,,,,,,,,,,,,,,,,,,,,,,,,,,
107,,,,,,,,,,,,,,,,,,,,,,,,,,,,,,,,,,,,,,,,,,,,,,,,,,,,,,,,,,,,,,,,,,,,,,,,,,,,,,,,,,,D,A,A,A,A,A,A,A,A,A,,,,,,,,,,,,,,,,,,,,,,,,,,,,
108,,,,,,,,,,,,,,,,,,,,,,,,,,,,,,,,,,,,,,,,,,,,,,,,,,,,,,,,,,,,,,,,,,,,,,,,,,,,,,,,,,,,,,,,,,,,,,,,,,,,,,,,,,,,,,,,,,,,,,,,
109,,,,,,,,,,,,,,,,,,,,,,,,,,,,,,,,,,,,,,,,,,,,,,,,,,,,,,,,,,,,,,,,,,,,,,,,,,,,,,,,,,,,,,,,,,,,,,,,,,,,,,,,,,,,,,,,,,,,,,,,
110,,,,,,,,,,,,,,,,,,,,,,,,,,,,,,,,,,,,,,,,,,,,,,,,,,,,,,,,,,,,,,,,,,,,,,,,,,,,,,,,,,,,,,,,,,,,,,,,,,,,,,,,,,,,,,,,,,,,,,,,